nom,adresse,email,telephone
Opale Web,"29 rue Gerhard Hansen, 62200 Boulogne-sur-Mer",contact@opaleweb.com, 06.27.34.29.03
Communauté de Communes Pays d'Opale,"9 avenue de la Libération, 62340 Guînes",morgan@ccpo.fr,03 21 00 83 33
Espace Learning Pro,"96bis route nationale, 62120 Norrent-fontes",contact@elpformation.fr,03 21 26 52 83
DocPro SARL,"29 Bd la Fayette, 62100 Calais",contact@docpro.fr,03 21 85 00 00
Airspire,"11bd d'Arras, 62480 Le Portel",contact@airspire.fr,06 88 51 49 45
Atoucom,"885 Louis Breguet, 62100 Calais",claradedrie@atoucom.fr,07 81 03 23 10
Opale CE,"64 rue de la pomme d'or, 62100 Calais",contact@opalece.fr,06 66 85 57 93
Cabinet Vincent-Velghe,"185 rue du chemin vert, 62200 Boulogne-sur-Mer",contact@kine.fr,03 21 80 42 52
Théâtre La Barcarolle,"Place foch, 62500 Saint-Omer",contact@labarcarolle.org,03 21 88 94 80
